{
    "Content-Based": {
        "RMSE": 0.9898763642338716,
        "MAE": 0.7913867925473534,
        "Precision@5": 0.20425531914893613,
        "Recall@5": 0.4666666666666666
    },
    "CF User-Based": {
        "RMSE": 0.8314138034881324,
        "MAE": 0.6845817329008005,
        "Precision@5": 0.20851063829787228,
        "Recall@5": 0.4648936170212766
    },
    "CF Item-Based": {
        "RMSE": 0.8361419077416726,
        "MAE": 0.6594150304571395,
        "Precision@5": 0.16170212765957448,
        "Recall@5": 0.3354609929078014
    },
    "Hybrid (Item-CF + Content)": {
        "RMSE": 0.8613227962315207,
        "MAE": 0.6975685058175566,
        "Precision@5": 0.18723404255319143,
        "Recall@5": 0.4347517730496453
    }
}